7283.411748,181.8683,457.3801739,304.1168877,1011.746602,3176.461077
6959.773147,181.3704,457.0820293,305.0569388,1011.801716,3082.691115
6777.450857,181.1383,457.1316408,304.8415472,1014.27896,2703.70366
9288.956945,181.141,457.1386942,302.4978129,1014.937431,2969.385344
11890.85256,181.1434,456.9226015,299.7109494,1013.299955,3145.203931
10929.6371,181.1452,456.6056214,300.9287829,1009.537678,2934.221331
6443.009605,181.1506,456.6729589,305.2994473,1012.500798,2754.495877
6460.646586,181.1533,456.676763,304.9996186,1026.21121,2832.637635
8233.383635,181.1557,457.1209154,303.4982706,1026.740597,3438.235894
11342.78338,181.1598,456.7409039,300.8062059,1026.156095,2969.385344
11752.84318,180.6553,455.0348016,302.8166013,1020.071765,3469.492302
13617.07207,180.0834,453.8243652,304.2811321,1018.487953,3461.677831
14947.78228,180.0591,453.3560146,302.9270529,1028.476698,3172.553473
11896.58458,180.0706,453.4877308,305.9956671,1033.554467,3379.629206
11516.7281,180.0792,453.5729263,307.1861633,1043.450388,3199.903015
10152.0667,180.0779,453.6476605,308.9421452,1041.425662,2863.894044
11132.02145,179.2884,453.6192356,307.9326485,1037.699644,3324.930123
10307.27213,179.6793,457.7322624,305.9187258,1061.255214,3113.947523
10636.86321,179.6567,458.7148239,305.5648838,1053.172264,3574.983602
5943.883044,179.6442,452.3318988,310.2651393,1030.752339,3113.947523
11658.92626,179.5897,451.0245377,304.5776538,1021.24802,3031.898898
7021.282119,179.6335,451.2952084,309.1822286,1023.474349,3719.545782
15022.51899,178.92,451.5025571,301.2048017,1029.916922,3133.482594
2229.093931,178.291,452.577024,310.993767,825.0439464,3012.36309
6856.596809,179.5982,451.4275586,310.5724637,1025.837012,3086.597981
14107.38014,179.5833,451.9035438,307.2090914,1027.430977,2969.385344
11126.73036,179.3123,452.3868202,310.1897412,1029.272955,3153.018402
9641.035177,179.569,452.4807069,311.6749954,1029.977838,3180.367944
8876.251591,179.5592,452.8073557,312.4399995,1027.296092,2918.593127
8984.057637,179.5588,452.7537287,312.3324139,1027.79212,3250.695231
6493.054539,179.5585,452.4138978,314.8229761,1029.564481,3250.695231
6707.784782,179.5542,452.3403787,314.6084663,1029.238146,3102.226185
7383.722077,179.5534,452.4466816,313.9323085,1028.846544,2949.849535
8539.605717,179.5516,452.3879033,312.7768658,1026.63762,3688.289373
7525.258849,179.554,452.0595638,313.7912127,1028.845094,3989.135069
8557.022235,179.5537,451.9383617,312.7590084,1028.391126,2813.101827
11337.27182,179.5497,452.6996263,309.9789793,1022.318398,3047.527102
14238.11426,179.1678,452.6560643,307.0781368,1029.103261,3828.943948
15497.61517,179.5563,452.933762,305.8186359,1023.691905,3270.23104
20066.91601,179.3639,456.1252774,299.4935736,1038.912159,3106.133052
12571.41956,178.3541,457.4573121,304.0059952,1052.722647,3629.682686
13451.72538,178.2524,457.8595669,303.1263508,1054.518214,3067.062173
17075.68404,178.2546,457.8280512,299.5017307,1076.874322,4184.488728
19706.46021,178.2581,457.8060985,296.871175,1086.725281,4215.745874
6036.477194,178.2482,457.2922838,310.5415989,1098.760508,3684.381769
15579.62713,178.2605,457.4986022,300.998449,1099.99913,4266.53809
15057.79295,178.2667,457.7746884,301.5200627,1101.880268,4231.374078
7447.435671,178.276,457.828421,309.1315223,1103.407515,3328.83699
7100.868995,178.2766,458.0804412,309.4772071,1105.789034,4223.559607
9897.432788,178.2812,455.739322,306.6806434,1100.118061,4028.205949
14962.55326,178.2905,454.6622661,301.615082,1093.621823,4360.308053
13552.47663,178.5545,457.1056463,304.7877544,1081.200796,3672.660432
13803.14222,179.2265,457.0276627,305.6096377,1076.962795,3774.244865
11316.98929,179.2222,457.330536,308.0953497,1067.082828,3567.169132
9599.147348,179.2159,457.7287225,309.8134121,1066.814508,4500.962628
11270.25129,179.2172,457.8650617,308.1423082,1069.197478,3922.713911
13310.62953,179.2197,458.0466536,306.1019299,1072.933648,3129.575727
15625.9242,179.2127,458.3157128,303.7868557,1076.585697,4805.715928
19108.78702,179.2141,458.5534148,300.3037724,1077.732945,3391.350544
16366.45694,178.8943,460.0291591,303.0461025,1074.32746,3078.78351
13986.56682,181.2806,462.2090012,305.4259926,1080.017288,3082.691115
17187.01748,181.281,462.6985121,302.225542,1080.088357,3899.271974
12934.74137,179.9757,458.7156957,306.4775976,1066.428708,3039.712631
8156.221843,180.5819,458.8136243,311.4179364,1069.895109,3993.041936
8355.519728,180.5781,459.0553681,313.8599969,1071.196097,2699.796056
14008.83351,180.577,459.4061094,308.2069036,1071.840064,3422.606952
17195.39505,180.1207,459.5913204,305.0199011,1073.434028,4078.997428
12481.47096,180.4706,499.6984497,309.7340457,1245.92009,3590.611807
13064.37318,180.4728,499.3900024,308.4244998,1248.044892,4375.936257
11851.16935,180.4682,499.2965912,309.0417942,1247.292146,3758.616661
11198.60106,180.4722,499.2985989,309.694142,1246.416119,3102.226185
12055.31741,180.4664,499.1949906,308.8374257,1244.471164,3328.83699
12281.29123,180.463,499.363189,308.6116723,1244.008493,4078.997428
10176.31755,180.4693,499.1040626,310.7162051,1244.268111,4012.577007
11164.20895,177.7945,499.2036819,309.7285341,1243.363076,4395.471328
14393.3197,177.4486,499.0722563,306.4992029,1242.903306,4551.754845
11438.464,178.446,499.456521,310.7135595,1238.043094,3430.421423
14097.23888,181.9784,501.0964218,308.6833225,1249.03695,3543.727194
13973.55955,181.9954,501.78282,308.8067814,1249.398094,4278.259428
14123.47389,182.0042,501.7974288,308.6570875,1252.332206,3883.643769
13294.97671,181.993,501.9877647,309.4855847,1255.766698,3399.165015
12150.11618,182.0146,501.6992624,310.6306657,1256.026316,3328.83699
13604.28526,182.0076,501.4985709,309.1760557,1256.470131,3766.431132
15454.84549,182.0009,501.4533182,307.3259364,1256.040819,3719.545782
17801.00488,181.9999,501.8241894,304.9795565,1254.277161,4563.476182
21242.42079,179.8341,501.811377,302.2389902,1251.717246,3430.421423
18370.4589,179.7208,501.3550727,306.1738006,1248.253746,4262.630486
21651.37828,179.7215,501.143101,302.8924403,1248.771531,4594.733328
15679.71699,179.1307,499.3860398,314.0868526,1243.097657,3574.983602
14966.9625,179.6758,500.340335,315.3088749,1246.519096,4039.926549
17399.32264,179.6745,500.3562381,312.8767352,1247.791076,4821.344132
15277.37337,179.6705,498.5268202,314.9991254,1243.796738,3324.930123
17859.64784,179.6761,495.4507745,312.4168509,1228.335722,3305.395052
25662.9096,179.6636,498.8887624,303.1957964,1235.676079,3766.431132
20160.17154,178.4726,500.7029904,307.9112637,1241.597967,2832.637635
20587.64787,178.7609,500.5061558,307.4842283,1236.344702,3539.81959
23118.55464,178.9857,500.295003,304.9531011,1241.772012,3031.898898
20282.74856,180.137,497.9054347,307.7889071,1237.329508,3606.240011
17870.67095,180.1252,495.5667988,310.2012052,1228.21389,3227.253294
16931.94264,180.1296,495.4419775,311.1394926,1226.432827,3774.244865
15953.31066,180.1353,495.1600795,312.118345,1228.284958,3832.851553
16711.70084,180.1348,494.9061045,311.3599549,1229.635259,3668.753565
18427.33817,180.1258,494.9683963,309.6443175,1230.184952,3246.788365
18350.83776,180.1449,495.2217373,309.7212589,1228.100761,3875.829298
18819.32007,180.1485,495.3094424,309.2523356,1224.260163,2523.977468
13153.6604,180.6909,497.5299934,308.4147995,1240.808962,3473.399169
22905.58809,181.3994,498.0952952,307.0547678,1250.304579,4235.280945
23433.59521,181.4146,497.7681709,306.5267607,1249.543131,3985.227465
22711.5813,181.4287,475.944495,307.2485541,1174.023461,3586.70494
23204.31446,181.3986,448.9896997,306.7560414,1072.450673,3602.333144
23630.90893,181.3955,448.9944283,306.3296674,1052.184558,3879.736165
23772.44571,181.3881,449.0672077,306.1879102,1040.234903,4129.789644
22392.57241,181.3782,450.5594364,307.5677835,1042.310392,3860.201094
19515.09897,181.3655,451.0328856,310.4452569,1049.273651,4114.16144
20421.63979,181.3594,450.676359,309.5387161,1049.6522,4239.188549
19984.46312,179.3601,450.4216707,309.9758928,1050.432502,2973.29221
15065.72959,177.2632,450.2210849,314.8946263,1052.818372,3461.677831
15174.41749,177.3578,450.0807302,314.7859384,1051.211355,3793.780673
16063.54179,177.0889,450.0544187,313.8963732,1052.818372,3676.568036
16964.13013,177.1575,450.0097208,312.9957848,1057.04332,3711.731311
20867.63494,177.1536,450.2601295,309.0925005,1050.935783,3539.81959
23747.53347,177.1569,450.3448759,306.2128224,1049.528918,4497.055761
19130.39232,177.1568,450.4035749,310.8297431,1047.901595,4375.936257
14800.73396,177.159,450.2415846,315.1596219,1048.272891,3586.70494
14392.21738,177.1586,449.9861566,315.5681385,1052.127993,3141.297065
16698.47311,177.1569,449.7375179,313.2614419,1053.047532,3532.005857
20666.79382,177.1533,449.6125645,309.2933416,1050.505021,4153.232319
20574.19967,177.154,449.4880074,309.3861562,1051.716086,3887.550636
22871.19598,177.1594,449.6232107,307.0891599,1049.689909,2887.336719
23279.27163,180.1203,454.1713552,306.6810843,1066.759394,3375.72234
23649.86869,181.2139,455.4685721,306.3104872,1074.208529,3391.350544
20586.76602,181.2237,455.3163826,309.3735899,1070.990143,3020.17756
15640.91564,180.3611,454.2426817,314.3194403,1065.751382,3594.519411
15030.01471,180.6256,454.3022261,314.9303412,1067.845726,3590.611807
10648.54771,179.6697,448.0699054,320.4529209,1041.393754,3532.005857
15326.53645,179.5828,453.7030046,316.5216378,1065.407643,3668.753565
16705.30744,179.5767,453.3479573,315.1428668,1080.25225,4176.674995
14564.39841,179.5582,453.341353,317.2839963,1096.811202,3785.966203
14202.61984,179.5501,454.3993093,317.6457749,1110.154668,4094.626369
15313.08825,179.5617,451.5773706,316.5346451,1104.276291,4297.794499
13394.40519,179.5594,452.0764973,318.4539895,1107.731089,3543.727194
14257.29448,179.5571,453.1139009,317.5911002,1107.103075,4106.346969
19487.32072,179.5838,455.0522633,312.361074,1106.475062,3836.758419
17351.92325,178.2329,455.1967919,316.3401974,1077.537144,4336.865378
20855.72998,176.0101,453.7523519,316.2835386,1067.790612,3223.34569
24839.92398,175.3861,452.552324,312.299565,1060.621399,3504.656315
23078.65097,174.7721,452.9086921,314.0603971,1065.430849,3684.381769
16856.32409,181.2211,455.748885,312.013405,1088.267032,3797.68754
23594.97359,180.162,457.6348622,307.9430103,1107.641165,3610.147615
22035.42354,180.1595,457.6138077,309.5027808,1109.097343,3797.68754
13378.5319,176.1531,461.2953886,318.1592315,1128.609263,3645.31089
10742.24418,180.6113,498.7686433,315.2841831,1286.420412,3707.824444
12981.25891,180.6039,498.541429,313.0449479,1284.510266,4090.718765
6963.96193,180.6074,498.2422805,319.0624654,1286.091176,3938.342853
8813.199384,180.61,498.1707956,317.2134484,1287.165906,3910.993311
5016.398308,180.6142,497.7660576,321.0102495,1290.001392,3637.497157
6562.500151,180.6133,497.4584292,319.4639272,1290.330628,4137.604115
7221.24139,180.6097,497.7679596,318.8054064,1287.057127,3633.589552
18810.9425,180.6126,498.1365853,307.2154848,1285.210798,4090.718765
16627.92518,181.2482,498.5594455,309.3985021,1283.400728,4067.27609
15496.73332,179.2982,498.1310641,315.1159704,1284.049046,3086.597981
15815.52175,179.5891,497.4432129,315.7224621,1281.71829,3868.014828
14783.09698,178.5539,495.251034,315.9001547,1267.770017,3774.244865
19064.25364,178.9863,495.3071705,311.1509566,1268.489404,3574.983602
9800.429393,178.973,494.7787208,320.4147809,1267.907802,3707.824444
8782.334667,178.9675,494.8866615,321.4328756,1267.803375,3754.709794
10027.28506,178.9686,494.7410498,320.1877048,1267.188416,4036.019682
9910.219599,178.9742,494.5474645,320.3049907,1274.797092,4012.577007
10014.93917,178.9811,494.7481296,320.2002711,1271.829621,4141.510982
10052.1973,178.9748,494.825215,320.1625721,1265.759794,3547.634061
20310.96773,178.9762,494.9184413,309.5486369,1261.611717,4457.984882
13842.60497,178.9711,494.5834976,316.3726053,1261.927899,4661.153749
13501.10892,178.453,494.4993324,316.7138809,1262.521103,3176.461077
15235.48554,178.4268,494.421428,314.9797247,1262.976521,4137.604115
11694.64115,178.5677,494.5850826,319.3980089,1262.805377,3629.682686
10545.15091,179.4944,495.578713,321.5572163,1266.595211,3891.457503
12740.51412,179.4478,495.9640079,319.3616327,1270.232756,3758.616661
11628.94339,179.3284,496.0536151,320.4732034,1273.606333,3625.775819
11432.29106,179.3132,496.1747115,320.6702966,1273.423585,3520.284519
11571.40274,179.3262,496.1715151,320.5314054,1272.602672,3449.957232
11223.29283,179.3301,496.071658,320.8790744,1271.641072,4090.718765
10616.36022,179.34,495.8710458,321.4857866,1270.646114,3184.27481
9472.822471,179.3485,495.6315474,322.6293243,1268.830242,3418.700086
10599.16417,179.3471,495.5123794,321.5034235,1278.270745,3637.497157
11330.87842,173.988,495.2790098,320.7712684,1272.869542,3246.788365
10336.15269,177.942,496.0362061,321.7659941,1283.158515,3512.470048
11712.05767,177.9469,495.8746385,320.3907505,1288.252238,3793.780673
13433.20655,177.9486,495.829967,318.6691607,1280.964094,4094.626369
13824.08614,177.9546,495.6999415,318.2780606,1283.242636,3633.589552
14847.91288,177.9632,495.3351463,317.2544544,1285.37469,4270.444957
15743.87151,177.9807,495.0433419,316.3582753,1279.393336,3797.68754
16941.42252,177.997,495.5980504,315.1607243,1277.326549,4036.019682
24502.61672,177.7297,495.6557191,307.5997505,1274.225644,3766.431132
21955.17528,179.7221,495.1178912,310.1474124,1268.241389,3594.519411
22065.84734,179.7263,494.8547759,310.0367404,1275.032053,4008.67014
12372.5626,179.7289,494.4170692,319.7300251,1276.63617,3317.115652
10430.731,179.7417,494.0294231,321.6716362,1264.453005,3887.550636
10058.5907,179.7382,494.3231296,322.0435561,1275.622357,3567.169132
9587.021923,179.7355,494.7026392,324.0411646,1303.328905,3782.059336
10752.6059,179.7362,494.8939262,323.7748462,1318.502747,3961.78479
10875.18292,179.7333,494.9939153,323.6524897,1318.86099,4008.67014
11319.63484,179.742,495.8804239,323.2080377,1336.132077,4039.926549
13507.0614,179.7494,496.167711,321.0206112,1342.3803,4356.400449
10171.68784,178.6985,497.7683823,323.4531918,1332.551097,3258.509702
13838.41618,178.3996,500.6212819,322.5781771,1338.159704,3922.713911
12461.62936,178.3875,501.7086405,323.9549639,1353.149348,3883.643769
14818.5914,178.3779,502.1417506,321.5980018,1358.618719,3641.404023
19458.2197,178.3689,502.4151951,316.958594,1349.117301,3766.431132
23656.70302,178.3661,500.977518,312.7601107,1321.642813,3602.333144
23197.25966,178.3559,502.0994567,313.219554,1319.149615,3821.130215
13587.97105,178.352,502.1530043,322.8290631,1320.409993,4106.346969
8071.12341,178.3511,502.0581137,328.3459108,1322.695786,3180.367944
9177.40304,178.3501,502.1143296,327.2394107,1324.109904,3692.19624
9557.039056,176.9604,497.8812102,326.8595542,1320.649305,3754.709794
8695.91346,178.27,497.8150351,327.7206798,1317.539697,3375.72234
9368.543822,178.2438,497.866892,327.0480494,1318.824731,3922.713911
9677.411451,173.705,497.9462493,326.7394023,1318.895799,3883.643769
11926.12652,173.1429,498.7119256,324.4906872,1319.062592,4383.750728
10663.75961,173.1395,499.075215,325.7532746,1320.599992,3430.421423
9848.269704,173.1226,500.2883987,326.568544,1316.505578,3617.961348
9494.868698,173.1164,500.3750472,326.9221655,1315.863061,3168.646606
9956.737136,173.1086,500.1326957,326.4600766,1314.788332,2766.216477
14291.02521,176.4557,502.0139178,322.1123403,1326.384095,3864.107961
14108.26199,179.6398,502.1838596,322.3085517,1328.218821,3973.506128
16379.90514,178.3703,486.9460458,320.037129,1272.511298,3184.27481
10019.78934,177.5513,454.6469177,326.3968039,1138.641519,3758.616661
10960.28135,177.5323,454.3833533,325.4565324,1121.313867,3981.320599
10785.23432,177.5546,453.9429256,325.6315794,1120.445092,3801.594407
11391.06461,177.563,453.7643189,325.0259696,1121.039746,3727.360253
11513.64163,177.5721,452.5147323,324.9031721,1132.594898,3602.333144
14402.13819,178.002,457.455912,321.9954953,1164.775859,3926.621515
23967.11388,179.1238,452.7739643,314.3388409,1113.515191,3856.29349
24177.21442,179.7393,453.6910904,314.1285199,1111.732678,3192.089281
22341.42516,179.889,453.5773115,315.9645297,1112.604355,3535.912723
22794.91604,179.887,453.2250645,315.5110388,1113.374505,3555.448532
22233.83958,179.8949,453.0296829,316.0723357,1115.66465,3680.474903
19644.51031,179.0958,452.5477274,314.1124262,1111.229397,3664.846698
18429.54279,179.5823,454.1391791,312.1600124,1120.610435,3864.107961
19339.83147,179.1725,454.1564295,311.2614082,1121.661958,3891.457503
11439.56631,180.1204,454.010131,323.5596751,1125.047137,3391.350544
17498.75112,180.1135,454.1789634,317.5002698,1116.273808,3391.350544
18369.13613,180.0884,454.2100828,316.6298848,1115.648696,3547.634061
20079.04143,180.0882,454.1800729,314.9199795,1113.320841,3586.70494
18543.08085,180.0986,454.0019417,316.4557196,1110.916116,3199.903015
18207.31683,180.1054,453.8262673,316.7914836,1111.826953,3602.333144
19539.12935,180.1021,453.6641977,315.4598915,1110.998787,3403.071881
20728.30279,180.1022,453.5214127,314.2707181,1110.974131,3961.78479
9872.961477,174.82,452.6578871,325.1262799,1107.033457,3129.575727
8409.31252,174.5906,452.2675465,326.5897084,1107.809409,3016.270694
7999.252713,174.6058,451.8137253,326.9997682,1114.462287,3266.324173
8437.972614,174.6194,451.1363882,326.5610483,1120.89906,3106.133052
9157.340975,174.6089,451.4068475,325.8416799,1116.993195,3297.580581
9779.044553,174.6071,453.3822733,325.2201968,1105.380028,3637.497157
11750.63856,174.6009,456.0960335,323.2483823,1087.469325,3750.80219
12460.30658,174.5996,455.8963195,322.5387143,1084.903608,3785.966203
10963.36782,174.5982,453.7510046,324.0356531,1100.403785,3328.83699
11263.1965,177.5389,452.6824023,323.7252422,1102.299427,3090.504848
10703.88374,179.6854,453.2517723,324.2951372,1102.369045,3164.73974
12313.91964,179.6841,453.4957352,322.6848808,1089.10825,4168.860524
11099.39304,179.418,452.9060239,323.1815823,1103.514843,3074.876644
12555.76674,180.3441,453.7795352,324.3286474,1120.665549,4239.188549
16305.82982,176.6668,455.0868699,320.5785843,1126.060951,4297.794499
12603.60705,175.9831,453.680867,324.2642724,1122.603252,3258.509702
11824.93434,179.6822,454.1140035,325.0590389,1137.748087,3461.677831
13923.07369,179.6794,454.4716132,322.96112,1150.937814,3582.798073
12750.87584,179.5825,455.2541172,324.1333179,1162.693118,3246.788365
10534.34826,179.6527,456.1060457,326.3505068,1165.825932,4067.27609
17624.63507,179.6765,456.2912303,319.2595586,1159.461678,3774.244865
14630.75755,179.6679,452.6140346,322.2534362,1139.767011,3321.023256
13552.91755,179.4558,451.806487,323.3317171,1118.046168,4032.112815
8765.799997,179.851,452.6887952,328.1186142,1128.237966,4180.581861
8260.720955,179.9487,452.8314217,328.6236932,1127.792701,3539.81959
8193.700428,179.9418,452.9325468,328.6907137,1116.877165,3532.005857
7173.401079,179.9479,452.578477,329.711454,1114.70305,4258.72362
11498.6502,179.7926,452.2230335,325.3855435,1116.839455,3258.509702
13994.283,179.9913,451.7830285,322.8901312,1113.918396,3375.72234
14996.06352,179.9724,451.6029689,321.8885711,1111.570236,3750.80219
9344.733897,179.9639,451.3760186,327.5401212,1111.806647,3793.780673
9148.963409,179.9527,451.0159521,327.7352303,1111.734129,3324.930123
9635.303159,179.9681,451.0959963,327.2493315,1111.911074,3571.076736
12359.99625,179.9586,451.1708362,324.5241974,1111.194588,3625.775819
16994.99485,179.9502,451.1745346,319.8894193,1109.246732,3942.249719
11986.31272,180.6707,451.4927827,324.897881,1109.924058,3801.594407
6516.203076,173.8023,451.5180904,330.3682111,1113.693588,3528.098252
11280.39256,174.7658,450.5305888,330.8794631,1111.464358,3086.597981
11696.18438,181.0829,449.561368,331.4852934,1102.277672,3367.907869
16070.81705,181.0796,449.4554086,327.1108812,1104.933312,3805.502011
16636.30275,181.0754,449.7922808,326.5456159,1108.076278,3539.81959
17893.59903,181.0787,449.5378567,327.2940853,1107.071167,3746.895323
18514.86168,181.104,449.69282,326.8712387,1106.823153,3528.098252
18146.02832,181.0747,449.6644215,327.2402925,1106.704222,3399.165015
17730.67742,181.0563,449.8519837,327.6556434,1107.239411,3574.983602
17178.63991,181.0575,450.7335258,328.2074605,1114.826332,3555.448532
18830.7841,176.1251,450.2582803,326.5561981,1113.767557,3403.071881
18153.08311,178.9176,448.5723871,325.0286151,1102.773701,4106.346969
20054.1292,179.6815,448.6393547,323.1273486,1103.665682,3192.089281
16833.17555,179.7008,450.9675294,325.660019,1121.390737,3891.457503
21291.80433,180.3609,454.0447376,323.7777122,1144.704094,3746.895323
22504.7877,180.3522,454.4546269,322.5647289,1150.488197,3258.509702
19393.4038,180.35,454.4869352,325.6763332,1146.331417,3883.643769
18613.40831,180.348,454.5553293,326.4561083,1090.387483,3352.279665
9.755896016,86.5962,304.4313976,222.6192647,2037.263081,1053.903278
8.723030319,88.5228,304.3735968,217.6482816,2039.026739,947.591809
8.654687017,88.7242,304.296168,217.681351,2048.065487,955.7153184
8.906895845,90.9401,304.1904727,221.0292909,2048.776172,941.9339698
10.50502678,116.2713,303.9926078,217.2567407,2042.26253,980.7894808
10.46997328,113.3047,304.8330977,222.35471,2011.990265,964.5431996
9.343190661,118.4052,302.8151138,218.2911496,2022.541756,940.2973194
7.52922717,119.3373,302.9976302,220.473726,2029.671809,901.7419961
7.182660494,118.0211,305.0090627,222.3414823,2019.804895,921.5005483
7.585885971,116.421,305.1877222,221.0041582,2002.279992,892.5187816
8.191716267,110.271,305.4922333,220.6126172,2019.120317,978.6372745
8.053486429,104.6466,304.7845428,219.1747623,2024.147323,922.803083
7.044871581,101.619,304.5799152,221.6218934,2029.040895,949.5515116
5.537350633,97.1398,316.329839,225.3825387,1914.171052,936.1536953
4.410788475,95.5429,307.3342786,224.5941657,2055.143326,910.4135142
4.390505947,96.3002,305.7797054,223.6536737,2061.945593,894.7263051
4.815998112,95.1968,305.7195798,223.8296025,2063.603374,927.3221263
6.958229912,94.1651,305.8450615,222.5809043,2073.338303,891.3615466
7.664370537,93.5851,306.785831,220.853362,2059.011481,1173.215018
6.974323657,114.5184,305.2603959,223.2872654,2008.568826,931.0305887
7.208675041,116.4237,304.4541428,224.0822523,2041.618563,1099.811358
6.592042095,118.7021,305.5361387,222.9724453,2037.908499,996.2834487
8.339646445,120.5996,305.9471904,219.6919668,2024.251751,929.7428052
8.004543807,116.4394,305.2950553,222.5557716,2015.43636,920.9717162
8.06913925,114.7627,304.8509028,221.3189783,2031.106231,948.4872094
9.173875644,113.8423,304.7574388,220.1337732,2029.842953,955.6076343
7.933334496,114.1443,304.806654,221.6192479,2040.276964,932.037361
9.677190988,105.2154,304.8470459,223.4010239,2027.001665,960.1510171
9.114571296,87.5032,303.4800348,221.4710973,1930.748859,931.1036073
9.458933349,89.3137,304.9829096,219.9313888,1965.218514,951.378453
7.481607322,89.7317,303.6309563,222.0134344,1944.351943,927.8502207
8.778807271,88.7526,304.2439676,220.7263757,1963.50852,960.3258193
7.931570798,89.4669,305.1853711,220.6377499,1966.639883,926.9880106
7.730288753,89.2095,305.8584022,221.104689,1961.166161,954.506454
7.724336272,89.4058,306.6594511,221.8110501,1964.678974,949.6886981
6.822204696,89.5801,305.2364884,222.5306389,1933.668467,947.1802493
6.935522299,89.7989,304.3759215,222.1523257,1946.365066,966.4379967
7.40157952,89.9992,306.7724111,225.8746105,2048.486097,937.7151144
6.881949969,92.4677,305.8169008,223.9817215,2030.053258,960.6230568
7.29333255,92.8537,306.7057605,222.2277237,2066.037106,948.2674159
7.638135528,92.7029,305.4656576,222.1523257,2024.726024,968.9523461
7.321551719,89.8002,304.3282384,223.6788064,2010.792254,934.5701494
9.090320447,94.0453,304.7373089,222.9433442,2023.844195,961.8702744
10.49973569,105.5827,305.1087084,221.2316752,2017.449483,996.2384574
10.62606056,105.8713,305.2991236,221.0544236,2028.119906,978.5642559
9.482522811,113.6235,305.2435682,223.1232415,2022.659237,982.6643638
10.16948322,114.2953,305.0425068,220.9155324,2039.408188,981.2357059
9.691300573,106.3291,306.2628232,225.83625,1925.695746,950.7581632
9.595619951,107.1423,304.2058739,222.3031218,1930.551607,976.1826677
9.27087904,107.4235,305.0667842,224.1576504,1932.892515,975.9990148
10.99709855,103.5093,305.3864324,225.2555524,1951.325354,1175.091376
10.29779226,100.1148,304.2404277,223.6907113,1924.28888,1175.876879
10.98078434,103.342,304.1373741,220.9605067,1923.141632,940.3305097
9.869213618,102.7643,304.079679,224.0452146,2040.079713,923.9101638
10.59365261,101.4438,308.1564349,221.3070733,2061.076818,938.3383544
10.07534583,103.0308,306.9314427,222.35471,2067.049469,919.0452039
10.51186111,101.7346,305.6190888,222.6192647,2024.067553,906.7352918
10.19042713,93.4928,305.2010101,223.0862038,1994.452309,1161.828533
12.26233147,89.7562,304.7037854,224.4486606,2032.961263,1141.713001
11.88357731,98.9786,303.2830946,220.7647362,2035.776445,968.0355563
11.71293952,96.36,303.1287124,223.6536737,2040.14498,1139.394106
12.03283026,96.1706,303.2055336,222.202591,2021.146494,1021.121591
10.95366748,100.3181,303.2929482,221.7607847,2021.462676,944.04266
11.46095115,99.1146,304.6921883,225.9619135,1881.634749,938.1937922
11.20940371,99.7916,305.1625202,222.7951936,2047.539001,915.4281992
11.33594905,99.762,304.0314147,222.3798427,2030.395547,911.2845751
10.62495825,99.8226,303.9754367,222.7832886,2047.662283,910.4356411
10.37274942,98.3953,305.2476364,223.1616019,1895.685999,895.4712428
10.45542277,100.8915,303.736995,223.2621327,2041.553296,908.7569497
9.987160929,100.6539,302.4885443,224.107385,2066.984202,912.3429768
11.6102041,104.9738,302.3841699,224.8640115,2053.919208,1077.108458
10.45828878,109.7237,302.0897501,222.7581559,2064.076197,1218.097886
10.42940823,111.0512,301.9907913,223.4142516,2066.444662,1150.445737
11.10247951,103.3638,301.5679575,228.6749221,1977.743968,1030.718012
10.47945316,104.6291,306.6106321,224.4856982,1921.354768,1146.439299
9.965555627,107.9173,305.5290589,223.5280102,1968.139573,963.6256723
10.15647595,108.1805,303.9504988,222.4420131,1992.465292,957.0016267
10.00590022,105.3464,303.6621814,224.1708781,1969.086669,956.3201193
8.82554527,106.6116,304.1515073,223.5531429,1965.534696,979.9884884
9.584155914,106.4953,304.8477328,222.6946628,1968.78354,996.8565345
8.253445701,106.6526,305.1026852,224.1206127,1970.586358,994.8378269
7.114317193,106.8709,304.9872685,228.3587792,1970.40216,961.9078901
9.168143625,106.2818,305.541792,224.0068542,2017.002767,967.6712006
9.848049241,106.8711,303.5307558,224.8362332,2023.935568,944.6009945
11.89482088,106.9061,303.3360875,222.4301081,2041.908638,961.348818
11.0932201,106.3677,303.2393741,229.3177901,2024.435948,960.9859374
11.84521687,106.3552,302.5613501,223.1999623,2022.59397,954.209954
11.85800368,106.0008,302.6065763,221.8480877,2023.488852,983.0471586
9.912424222,106.4689,302.5956925,225.2687802,2025.356938,1131.752962
11.66002857,108.9778,302.2154696,223.3375308,2008.674704,1210.939846
9.443500991,102.6013,301.7702605,225.2304198,2010.081569,1119.927628
9.245084955,104.2568,302.7793977,225.8746105,2030.750889,1026.403274
9.71246495,109.6748,306.6415667,222.4168804,2065.326422,930.1654283
9.865024835,110.1727,305.0760831,222.8838194,2075.233946,928.8584682
8.829293129,107.9543,306.4253154,227.3627307,1986.87409,999.8790641
9.340545114,108.2498,306.1668231,224.3983952,1981.967465,965.3648438
10.89083574,110.4779,305.9456318,221.7488797,1965.231567,969.8484841
10.66111406,110.5717,308.137256,223.3758912,1977.414732,956.4381293
10.62958796,108.2491,305.8243504,222.7951936,1982.164716,939.5575446
11.32205992,101.7207,304.5871799,221.8361828,1990.49278,953.1758919
11.11284124,103.3024,308.8679031,224.8521065,2064.628791,1076.176917
10.86041195,105.374,307.5884122,223.3758912,1966.692097,1219.168089
10.28213944,106.7666,305.0523076,223.5901805,2025.541136,1123.934803
10.34034147,109.3945,302.1886297,223.5147824,2080.903469,942.2076053
10.58814105,107.6211,304.745868,226.467213,2087.560698,925.8477395
10.9179526,109.0063,304.9568623,222.0636998,2081.509726,941.7186017
11.08506299,98.7181,304.3522517,224.3097693,2085.430095,1084.731163
11.39326924,99.6265,304.0746597,223.7422995,2094.653041,955.3627637
11.91708757,99.5606,303.9913398,222.8586867,2088.889243,969.1138722
11.13731255,99.2038,304.0177042,223.7422995,2088.823976,995.8409114
9.203197125,99.6478,303.2100774,226.6061043,2055.353631,972.6718719
8.957602165,107.6226,303.842928,226.5174784,2072.141742,940.4440943
9.734952101,110.1044,304.1822305,223.5280102,2076.154935,939.2212162
9.150727107,108.6523,303.3429295,230.2516682,2065.419246,941.4088256
11.17942084,108.5514,301.7329065,222.7700609,2068.12855,964.9621349
9.897873713,108.7668,301.7079159,224.0068542,2065.760084,1020.091217
8.260500493,109.0266,301.766113,224.8904669,2068.182214,1006.329783
7.05258776,114.0569,301.7653997,225.9367808,2079.627137,1011.139425
11.04934811,105.3439,303.8732021,227.1352137,2094.297699,1042.400997
11.86175154,107.685,306.4749798,221.7105193,2080.391486,1034.755427
8.681583413,108.7152,304.5883158,225.9116481,2090.665955,986.3942155
8.650718697,109.1523,304.8080806,224.8521065,2093.849532,988.1518261
8.365220067,108.411,304.6628388,226.0888998,2102.034008,983.4019259
8.178929456,107.5463,303.5978027,226.1008048,2104.480794,986.2208884
7.999473175,107.9158,304.0159342,226.4539853,2095.639297,1007.668458
7.73976863,107.5049,304.4782617,226.0637671,2123.254472,999.7839186
7.100428071,102.1584,304.4695705,228.5862963,2117.175942,1033.022894
5.94344212,102.6722,304.6104799,228.4222724,2130.767423,1002.963549
9.130665041,104.8862,307.9686086,227.6153805,2076.549438,994.957312
7.829937695,108.9335,311.8598365,228.2833812,2101.414698,1026.367133
7.55259617,108.9786,311.6041708,229.242392,2021.252371,975.0918133
7.44633336,109.2549,305.899798,226.870659,2022.936259,968.6809232
10.21137105,109.1627,306.548314,226.227791,2026.396858,963.4154671
10.68756953,106.0974,304.0329205,228.2966089,1992.465292,930.7753922
11.92304005,106.4461,302.86034,223.9063234,1998.214586,937.3057674
12.13556567,111.3895,300.8272191,224.7767084,2039.302311,944.8525032
11.52179873,106.1439,300.2635287,224.9526373,2041.289327,1069.229082
12.0074771,104.3462,300.3225448,224.1960108,2039.237044,969.5829617
10.19726146,102.1919,304.1161083,230.6299815,2118.452274,923.9433541
10.80551684,111.7639,305.3845832,226.239696,2122.123178,900.2712972
13.61817438,111.3644,305.5538118,222.2779891,2122.584397,917.6976779
11.60006284,111.2361,305.7821886,227.5770201,2114.453585,933.4497925
8.594059895,109.9077,304.6128838,230.0876443,2100.060046,928.1061548
8.669237527,110.5816,304.7730249,227.6153805,2111.12497,960.0064549
11.76408676,111.1925,304.5330246,227.980466,2102.086222,921.8597411
11.35380649,111.4114,304.4354659,225.0280354,2102.545991,969.8912627
9.642798875,110.8251,313.0154571,227.0598156,2112.848018,952.7960474
8.151371673,107.4272,319.3997031,233.518919,2079.390726,950.4269978
8.514473019,101.0491,304.9437065,230.5929438,2073.28609,976.4917063
9.752148157,100.8696,306.8511608,227.7794044,2093.441976,1005.16591
9.195040021,105.8533,308.3272221,229.5453071,2111.506419,940.8091875
7.78165646,110.6422,309.1663118,228.599524,2115.149766,973.4227102
7.921870459,110.2883,309.7215751,229.9368481,2112.427409,949.6178922
8.941287958,109.5241,309.9084504,228.5108982,2108.611467,989.9913061
6.209319608,109.8093,305.8748073,230.4408249,2070.063352,921.4703082
9.172111946,106.9066,306.2487957,232.3456188,1984.531731,932.9342366
10.94440807,102.7743,316.4889762,228.7503202,2083.495292,920.9518021
10.98960283,107.9695,303.9922644,230.2265355,2058.35301,902.9479102
9.969083023,109.826,304.8785088,226.7820332,2069.484652,917.6069578
10.17345154,106.7602,305.496962,228.6868271,2074.128759,903.0378928
10.10158084,107.6622,306.0513799,226.3653595,2079.167368,920.3366752
9.617445715,108.6284,306.3898371,227.098176,2070.642053,927.7012332
9.430934642,108.4939,308.2810449,228.2463435,2063.221925,934.9839218
9.245966804,132.2109,306.7975339,227.1987068,2091.034351,979.6514225
9.483184198,147.5148,306.4111294,226.6061043,2097.257918,1043.703531
9.217968097,113.4905,311.0851519,226.3402268,1894.041272,997.8699449
9.637287319,113.4764,309.7427352,226.8574312,1921.617286,996.8801365
9.157120512,114.061,304.7214321,229.5902814,1983.638299,944.0153702
9.961587306,120.3333,303.8328894,225.848155,1996.794667,985.0784047
7.839638035,120.2809,304.4866096,229.7093311,2001.814421,1030.710637
5.911475092,96.0584,304.6582422,233.5691843,2003.306859,945.3562581
6.617836179,87.3661,308.4636934,230.3270663,1912.35518,1006.947122
6.257380381,88.03,309.8466869,231.4501011,1917.341575,944.3406351
6.504298114,93.4483,308.188796,232.2318603,1965.876985,936.6043458
9.531906358,92.0493,307.290611,227.501622,1868.846776,921.9998779
11.82978451,97.3222,306.3121177,224.9023719,1880.648492,1017.585718
9.263603785,97.7073,307.5845024,229.6590657,2032.882943,1031.661354
10.11789505,98.964,313.103083,226.7066351,2056.103476,920.8699327
10.42632175,100.3919,312.4212285,226.5928765,1939.142189,912.6756173
10.57050407,97.9165,311.5091217,226.8322985,1931.56397,971.0971768
11.99182428,94.8827,311.9460094,224.8269738,1929.353596,1003.718813
11.37078208,96.7844,311.5866562,226.2780564,1917.986993,1000.916814
10.31785432,97.1021,310.8697725,227.4381288,1983.781887,955.8967587
11.38070289,97.9822,309.6020636,227.110081,1870.582877,951.5311283
10.62892657,107.9279,308.9167221,227.5386596,1994.662613,969.585912
10.1906476,126.6377,310.746589,229.0783681,1953.878018,1034.504656
9.419470604,142.9187,311.4225261,227.4010912,1930.129548,1084.458265
6.475197096,122.195,308.9328894,232.887956,1913.35594,1040.762871
5.877964828,121.1787,309.6168837,225.9486858,1919.263325,1018.909642
8.167024494,121.1387,309.5681439,224.0306641,1913.553191,1047.60966
5.649125,120.8635,309.4723551,230.0109234,1918.657067,1054.033089
7.436192096,124.299,309.4258609,227.2608772,1922.551329,1046.684757
8.671662612,123.1509,309.1729161,224.5227359,1919.105234,1031.627426
8.28166487,122.2206,309.7389576,224.7753856,1909.869234,1035.25697
9.429611868,145.9975,308.9390182,225.229097,1905.383219,1101.216414
7.679582433,150.7002,308.7572414,226.6047815,1914.20296,1111.405835
6.440804983,149.4713,308.4589383,231.3006277,1994.426202,1100.531957
8.006748429,150.6756,309.8162807,226.7555777,2038.358115,1092.524244
7.431121464,151.0218,310.7599033,226.3904922,2057.432021,1080.129513
7.024148128,149.3755,311.7988656,227.1418276,2075.719822,1056.201522
6.071751156,152.5606,312.4362863,227.2992376,2074.009828,1058.958529
7.359250766,152.696,312.3874673,226.8442035,2059.037588,1057.415549
6.80897696,152.6462,311.6330448,226.4407576,2063.899251,1072.53631
7.450742605,152.7556,311.5835654,226.7119262,2062.984063,1074.195088
7.637033216,152.7902,311.3730466,227.1471187,2063.551161,1080.8656
6.975866893,152.4728,311.2060371,227.4381288,2069.838544,1088.19623
6.697643518,148.3471,313.654595,231.4871387,2007.12135,1039.748723
7.08675941,149.1606,315.7756588,226.8190708,2013.424688,1048.808936
6.977851053,149.7384,316.4079018,227.2608772,2013.410184,1024.163298
6.053232326,149.2719,309.8066913,229.6074775,2031.882183,1025.154581
6.610560925,151.3555,308.7454857,227.5505646,2046.340989,1023.401396
8.568265811,151.4821,312.1267295,229.5069467,1942.563628,1042.836896
8.725234941,152.5966,314.1122467,227.4249011,1994.530629,1040.234777
7.797088818,152.5315,314.2426948,228.6735994,2008.713864,1051.312222
5.890310715,152.3968,311.2381868,229.090273,1958.35098,1076.2669
5.701154094,152.5767,309.5264048,227.6021528,1963.876915,1080.841998
4.871995527,147.5213,309.7730358,231.6511627,2032.291189,1063.925272
4.281156665,150.1008,308.5081536,230.3773317,2054.012032,1072.379947
5.920293582,150.3838,309.4590673,228.3124822,2071.905331,1078.85353
5.868705413,150.4744,309.8965626,227.8164421,2075.273106,1090.358762
6.359895333,150.6858,310.1755547,228.7119598,2075.21074,1094.885918
7.177148938,150.5083,311.311838,227.349503,2058.643085,1114.63267
6.520391859,146.273,312.0978291,232.1564622,2064.524363,1101.6383
6.842928149,150.6764,311.3961353,232.256993,2079.167368,1097.183424
7.773940281,150.6896,311.1435604,227.828347,2079.719961,1093.438821
6.730492395,150.5595,313.9466108,230.591621,2005.214105,1107.798419
5.868925875,151.595,315.38936,229.1537662,2022.659237,1086.153183
7.770192422,151.5455,316.1633841,227.8534797,2043.486648,1108.918776
6.729610546,147.9535,316.4591776,230.2754782,2041.30238,1053.548511
8.1033109,152.1903,316.447554,226.9487026,2042.105889,1091.825773
7.083011552,151.8679,316.3154944,228.0929018,2032.356456,1105.192612
8.911746015,151.771,316.2100633,226.0492166,2033.882253,1116.47805
8.245288597,151.462,316.0278903,227.8667075,2039.369028,1118.952571
7.931129874,151.5852,315.8986573,228.4474051,2036.935296,1108.537456
6.594026255,148.0615,314.1326672,229.3177901,2007.175014,1083.752418
5.88501962,149.1496,312.8977949,229.493719,2017.568414,1083.145404
5.101055817,147.9933,310.5976224,231.62603,2102.743243,1063.515925
7.280986663,149.0966,312.488064,229.0016472,2100.928821,1105.38364
8.766461384,149.0838,314.7337114,229.7966341,2094.770521,1116.402819
7.035391703,139.9263,312.3509852,230.9104095,2066.747791,1037.498421
8.308120342,148.3304,310.1101986,228.3455515,2069.035035,1126.898328
8.449877576,147.8365,310.0806113,229.721236,2071.444111,1148.439568
4.949818705,148.2147,309.5659249,230.9580293,2081.614153,1114.314043
6.512014293,148.377,308.5623353,228.8878887,2084.245137,1102.628108
6.868722233,142.3166,309.7919769,231.62603,2008.397682,1077.39832
7.754098677,145.1124,311.6883624,228.862756,2010.332484,1089.320274
8.052163655,146.1075,311.8986962,228.1563949,2016.055671,1081.718222
7.262908758,146.7235,312.3118877,229.254297,2014.397891,1085.650165
5.842690866,139.6168,312.8238267,231.222584,2011.764006,1036.886244
6.703375537,145.9309,313.7097013,228.5479359,2030.053258,1081.504329
7.080366005,146.0303,312.4059065,229.5942498,2136.306412,1084.242897
7.937302817,150.0251,309.9284482,228.4844427,2103.269729,1113.996153
7.581256264,147.264,309.5851566,232.2953534,2109.874745,1076.615029
6.798615234,142.5633,310.0574434,232.6485339,2006.477383,1063.474622
7.806348233,142.951,311.5622995,227.5254319,2003.332966,1079.149293
5.982243478,143.9435,311.6436645,233.0017145,2005.818912,1052.756369
5.96681112,144.2262,312.3262851,231.7265608,2019.133371,1056.878604
4.576355634,142.2336,311.8970055,232.092969,2127.332931,1033.841588
4.930197564,146.3218,309.766273,232.7861024,2122.229055,1084.90449
4.650871878,146.3643,310.6189675,231.62603,2131.443299,1098.048585
6.636355009,146.8464,311.267959,230.6260132,2133.675429,1079.787284
5.545507737,146.6991,311.12631,232.0797413,2114.440532,1091.385448
4.704003283,146.8688,309.1301995,232.4461496,2120.333413,1092.821482
5.991061968,146.697,308.7799602,232.092969,1974.283369,1078.843204
4.258889976,148.9835,311.429104,233.2781742,2015.266666,1088.170415
3.931062593,149.4502,311.2569694,233.518919,2016.541547,1080.825771
3.709277557,148.5838,310.2843408,234.628726,2137.214348,1055.76636
4.244339467,150.6055,311.9624937,234.3006781,2150.34606,1081.307399
5.231569476,150.5606,312.6088171,232.817849,2161.74167,1101.019485
5.096205647,145.7681,312.3939395,236.6724111,2166.565624,1080.926817
6.609017689,151.2162,312.490151,232.3575238,2167.092111,1122.638169
7.979411109,151.3671,312.3023775,232.1815949,2166.47425,1114.993337
8.634404489,146.6477,311.1424509,232.1683671,2044.249546,1122.538598
6.518848624,148.9047,312.8386468,231.8932302,2133.530391,1100.349779
9.046007532,152.8908,310.4909233,229.733141,2152.225748,1110.688925
9.090981834,152.5062,310.8084581,228.7873579,2156.488406,1115.949218
9.947036797,151.9176,310.9486542,228.3839119,2157.145426,1107.970271
8.513811632,150.5367,310.8098847,234.0982938,2053.933712,1087.648959
8.372936247,151.369,312.7046323,230.5281279,2081.351635,1108.718896
7.71728148,151.2835,314.7998073,233.8972322,2105.453997,1136.471147
5.739294065,151.2598,315.8115334,235.1961958,2097.836618,1128.259868
2.826326198,149.8012,316.8669536,236.7359043,2083.588116,1071.464633
8.661962272,149.5874,311.4544909,230.9315738,2104.88835,1112.637564
7.689944159,150.2034,313.0431424,231.5506319,2172.539726,1096.352929
8.043565627,150.0651,313.1713979,231.3733802,2187.813644,1108.684231
7.495716906,147.8876,312.7766456,233.2160038,2170.59187,1076.636418
8.877794826,149.8779,311.0697771,230.5532606,2173.038655,1084.616103
9.872741015,149.2691,310.9882272,231.9408501,2173.71018,1125.192347
8.607508093,149.5611,311.0055305,230.2635732,2170.999426,1111.25021
7.654229273,145.4574,312.2456862,233.7768598,2128.899338,1143.018486
5.466141323,148.9243,313.9625404,235.7292736,2142.305171,1120.264694
6.113198062,147.221,313.5935448,235.9276896,2024.383735,1096.939291
4.03313662,146.6013,317.0236604,235.2834989,2018.621388,1105.182286
4.681516133,148.2869,317.1087238,236.0546759,2047.183658,1115.061931
4.179964487,148.7094,317.0306874,235.6247745,2057.695989,1150.300437
4.261094599,141.9216,316.0127797,236.0414482,2082.10148,1146.372181
3.783132415,139.9976,315.8761499,238.501807,2090.41649,1197.210127
5.78845715,145.6604,311.2027349,235.9276896,1938.984098,1211.681096
4.453999078,144.4615,311.2053238,238.9687461,2009.766837,1133.233987
5.407277899,145.5392,310.2394051,236.5083872,1997.688099,1096.081507
4.922260923,145.416,309.9032462,236.4581218,2017.739559,1110.643933
5.444095097,145.4007,309.4832655,236.2663197,2036.816365,1114.333957
5.822408338,144.8005,307.2428223,236.8496628,1988.085155,1131.222655
6.420742917,147.8896,308.740308,237.3787722,2018.896959,1152.950498
4.763748556,150.7756,309.983396,236.988554,2022.870992,1126.437352
5.980700242,150.7075,309.9859056,236.8615678,2018.725815,1152.479196
6.822645621,151.0306,310.0679046,234.8178826,2028.238836,1128.715681
6.772600687,146.0063,312.0310728,236.5970131,2006.438223,1101.797613
6.270387654,147.1956,311.2118224,236.7478092,2029.474557,1100.98777
8.02725142,147.1279,310.8925441,235.1842909,2023.423585,1109.376802
7.736682159,144.4794,310.8294334,236.5970131,2036.619114,1107.828659
7.731831989,148.439,310.4886515,236.4369575,2013.371024,1102.569103
8.206707701,146.9381,308.1452076,235.1207977,2013.752473,1133.663985
7.016211487,149.7123,308.2438759,236.521615,2012.23973,1131.686581
9.345836209,150.0262,308.1783348,236.2306048,2012.753163,1136.380427
8.406226048,150.2475,308.1808444,235.9528223,2016.712692,1119.575811
6.919208091,148.6883,307.9629553,237.4171327,2106.782542,1102.826512
6.34402205,149.6343,310.1587006,235.7636657,2131.83345,1099.396111
7.219698154,149.408,310.4497653,238.0851333,2148.528738,1132.396854
4.84113081,149.6548,310.9175612,237.0639521,2142.055706,1106.903018
4.632132586,150.3568,309.6340549,238.262385,2148.028358,1095.864663
8.231399474,147.8964,309.6434858,235.8020261,2163.659069,1080.356682
8.772413865,146.3557,310.0130625,234.4012089,2163.223956,1120.586271
7.841401733,147.2221,310.3607658,235.4104852,2158.65962,1127.565084
7.538045661,147.5944,310.4405721,236.1168462,2167.131271,1129.049059
8.441720472,147.9277,310.6627408,235.4104852,2169.066073,1082.561993
12.00659525,143.2455,310.7406716,239.1962631,2073.589218,1127.230231
9.58569915,145.276,315.1760411,237.000459,2073.141052,1098.214536
8.779909582,145.8069,315.2520962,238.4131812,2087.113982,1104.275822
9.768682827,145.3743,316.1359895,237.1142175,2097.270971,1120.345826
7.625569179,145.503,316.0958882,236.8245301,2098.534249,1111.073932
8.670339838,146.1848,315.0748632,239.0322392,2132.570242,1073.248058
9.424100312,151.8706,314.3687049,235.9157847,2134.648632,1150.735599
9.219731795,151.5969,312.9916816,237.1393502,2108.388109,1169.321427
8.42298118,152.0045,312.1857455,238.4264089,2111.887868,1138.709648
8.3235527,150.445,311.158988,236.8364351,2064.023983,1116.195564
7.502992161,152.0281,312.6769735,237.7875093,2025.647013,1150.641191
8.042022391,152.0772,312.1151588,237.1009898,2116.202739,1175.478596
7.929145713,149.0367,311.4851613,236.9501936,2104.92751,1103.105311
12.26167009,148.9444,311.0779929,238.5904328,2121.084708,1167.155207
11.03281344,153.8983,311.6926684,234.3284564,2134.858936,1160.823236
9.951446042,148.4274,311.7152287,234.9567738,2147.88332,1108.777164
11.91598526,150.6494,311.4500792,233.0638848,2150.726059,1156.293867
11.20764001,148.1608,311.1752874,238.2240245,2051.472423,1133.553351
8.956499854,146.5702,313.0859647,235.9435629,1911.065795,1132.695566
10.19020667,146.542,310.52199,238.110266,2006.451276,1137.358434
7.813623488,146.4844,310.7007552,240.1420462,2021.620767,1152.808886
9.54094531,146.465,311.3220879,237.3562851,2034.777135,1160.548125
9.981649372,149.733,311.8067907,235.7014953,2039.118113,1131.985294
10.06410226,149.7039,311.2570223,235.6287428,2149.213316,1143.441109
9.605540753,149.445,313.0512789,237.2782414,2177.762533,1159.480135
11.03060881,149.594,314.3072056,235.3734475,2189.80066,1148.541351
10.8630575,149.8738,314.8420748,239.4356851,2192.997291,1136.041148
5.723641245,145.3006,316.273174,240.3814682,2021.449623,1085.411195
6.765986819,151.8262,316.6294365,239.7253726,2019.778789,1094.660962
7.904013015,149.4788,310.6491096,252.9107795,1952.022986,1115.521432
8.639034197,155.7969,307.3714477,250.273169,1955.522745,1143.488313
8.342291992,149.2141,304.0327092,249.8326854,1917.51272,1153.593652
7.99021376,148.8669,307.9406592,250.2480363,1982.401128,1154.121746
9.593415329,148.8881,308.8811117,248.4570009,1976.901299,1140.695903
9.062542202,149.3778,309.3328459,249.7308318,1970.573305,1135.968867
9.788303968,149.6269,309.4807294,248.4318682,1968.796593,1116.27227
8.829734053,146.3315,312.0109957,249.6170733,2122.413253,1098.123079
8.139246249,149.5599,309.4664905,239.1076373,2103.835376,1130.762416
6.625331896,150.0877,309.5495726,240.5957576,2107.346739,1125.668812
6.569995868,150.0068,309.8035477,240.1169135,2111.651457,1147.838455
7.989552373,149.8759,310.0173949,238.6406982,2116.703119,1113.263017
8.251902465,147.9672,310.0830153,237.4039049,2122.820809,1159.528077
7.560753274,148.401,310.0271693,239.360287,2110.190928,1127.383644
7.587429207,148.3352,309.8445207,238.8682153,2117.216553,1120.002122
7.889682968,148.0786,309.5762804,238.3126504,2110.492606,1126.335568
8.646750376,147.6892,309.4322538,238.1988918,2122.268215,1144.022308
8.93467409,148.0576,312.4717646,241.9582143,2021.042067,1099.162304
9.816523138,150.2436,310.3579655,236.7226765,2011.344847,1104.994208
9.199449267,150.4051,310.0060091,237.8086736,2020.212451,1110.000042
8.869637723,150.5837,310.5945052,238.2742899,2011.16065,1112.50554
8.538062481,150.7308,311.2601923,237.7954459,2012.660339,1108.995482
9.728779158,147.3614,311.4581365,239.2465285,2017.186965,1120.314848
9.492223151,149.7163,311.4227374,239.0295937,2006.399062,1111.163177
9.941084316,149.5692,311.1984025,239.3470593,2025.935638,1118.080773
8.20560539,149.4729,310.8658627,240.9872985,2009.502869,1117.468596
10.09408513,145.7292,310.8735765,240.394696,2169.974009,1130.562537
9.117437305,146.4662,313.1832064,241.6301665,2169.55195,1122.881565
6.001203233,157.4673,311.4472526,243.7373448,2131.859557,1189.089567
7.530990868,157.8196,311.4051964,240.3563355,2149.094385,1173.072668
10.17984495,154.5325,311.3582002,240.634118,2134.766112,1119.434199
8.049077184,147.3599,310.5676653,242.7532013,2148.936294,1196.549271
9.112366673,149.5862,311.2133282,242.0971056,2159.77786,1201.968878
6.261348702,150.1734,311.5355917,243.0693441,2160.645186,1182.230977
6.405310559,146.2296,311.8314116,242.4635138,2165.566314,1200.745262
6.237538777,155.5689,315.7558988,241.4410099,2137.779995,1217.212074
4.713703623,156.4031,309.7471469,242.7161636,2156.423139,1201.156822
4.87133414,156.5794,309.8459737,243.3338989,2152.646358,1217.926034
5.747010245,153.0487,310.0107906,244.5442367,2156.054743,1197.33625
7.130851863,152.4433,309.9922193,243.245273,2153.357042,1212.906187
6.755625093,152.9467,313.2205867,242.7412963,2146.160272,1211.753377
8.650718697,155.552,313.705316,241.9105945,2089.981377,1192.872524
7.935980043,152.4002,317.902825,242.6024051,2084.994982,1181.941115
7.740650479,149.296,313.4538242,242.147371,2069.155417,1177.191953
7.600877405,149.1348,313.024122,241.5296357,2074.811886,1170.611423
8.0799419,149.0138,312.8786953,242.2743572,2071.654416,1170.587084
7.748587121,147.9296,312.4830184,245.8445231,2060.235599,1162.659028
7.572437773,148.5836,311.9821746,244.4437059,2024.344575,1196.138449
7.289584691,148.3772,310.8757692,244.507199,2057.327594,1208.936627
9.093406919,149.5315,310.1045189,243.6116813,2176.722613,1180.385597
10.39788212,149.2648,311.5081178,240.2306721,2150.435983,1184.602239
10.97527279,147.9694,309.2114588,241.9714421,2162.053501,1165.060531
8.238674729,149.6753,309.6380174,241.516408,2153.777651,1176.994286
9.051739551,149.5701,309.7336741,240.4449614,2162.593042,1177.1654
9.969303485,149.5082,309.7188277,240.4198287,2163.9738,1174.857568
10.49686968,147.3661,309.7935619,244.7598488,2044.986337,1167.655274
7.724777196,148.3602,311.3282167,242.8418271,2081.574993,1194.348386
8.184441013,148.4384,310.7898076,244.0653926,2089.758019,1212.601573
9.164175305,149.2267,311.1667811,241.4529148,2078.915002,1185.983693
6.79729246,148.2516,310.2388239,246.3114622,2067.065424,1142.395984
8.060100297,149.8777,309.8646771,241.6804319,2070.943731,1155.956801
9.522206018,149.7177,309.7271755,240.5454922,2062.327043,1174.415031
7.790034026,149.8222,309.6029882,242.135466,2080.548126,1160.270064
8.287837813,149.0432,309.5024708,241.8074182,2080.404539,1193.682367
6.819118224,146.9918,312.0764576,248.9609776,2223.297113,1137.533974
7.302371503,151.4795,310.2540138,243.2201403,2184.721441,1173.054229
7.58963383,151.9924,310.0032089,243.7254398,2194.011104,1168.876677
6.483795124,151.9088,310.0931859,243.9966084,2193.471564,1184.806544
6.8420463,148.8017,310.2974701,245.9953193,2192.457751,1147.836979
6.295079428,146.1024,310.5283301,245.4027167,2201.917108,1155.408055
8.62183814,146.1717,310.4490521,241.7571528,2196.826285,1169.055905
8.126238975,145.7607,310.3857036,241.8074182,2196.510103,1178.23044
8.091846863,145.8649,310.1275811,244.3180424,2192.024088,1161.837384
7.505637708,145.3394,310.4721407,248.7585933,2108.019714,1139.904499
7.829717233,147.0896,313.3885737,245.1130293,2137.437706,1168.136165
7.115419504,147.8096,312.2734507,244.5323317,2116.978691,1144.835102
6.782741951,148.1468,312.4510271,243.7624775,2126.307515,1148.132742
8.374479482,148.3943,312.246373,243.397392,2121.044097,1137.576753
7.785404319,149.4783,312.0462363,246.2704562,2228.389386,1191.850263
8.777043573,149.6188,310.3683475,246.3114622,2235.25692,1181.054566
8.144316881,147.9393,311.3311754,249.7810972,2141.819295,1155.073939
16199.58024,130.48,398.8482063,69.8164,13.64927071,3115.112134
16049.44532,126.875,399.3647948,70.0583,14.81992628,3248.678736
25202.38452,94.2462,451.343552,79.4523,22.56565372,3514.992511
19404.66322,61.285,452.4080597,79.775,29.09332616,2595.580738
12643.74151,68.635,452.4396282,79.1619,11.51850121,2459.111091
16514.84153,55.5363,454.9009721,79.687,18.68838075,2843.626574
7706.044198,75.46,454.616221,79.4224,11.67789555,1966.570782
8914.178381,77.9974,453.6163298,79.891,10.93229157,1945.572388
5324.6089,91.2537,453.9204711,79.8761,5.696088114,1530.178867
6055.221432,91.4462,455.4423399,80.1614,5.575715621,1490.458195
4703.786663,78.3037,450.9026752,80.4858,4.918076157,1369.186753
4483.544683,72.03,453.7365017,79.5722,5.000749572,1681.209466
4265.507328,68.2063,462.3612701,81.5083,2.010837934,1855.914335
73.41399319,79.6862,468.2550278,82.2604,0.09479885,1483.773669
53.35191097,81.27,471.1854092,82.7556,0.316804529,1422.577401
69.88659412,76.0113,473.5932053,83.108,0.454814018,1566.541418
1286.839274,87.22,465.9247133,82.0662,1.686978606,1528.050262
896.1798268,84.8487,467.8720312,82.3995,1.449540556,1659.801725
1551.394204,90.6062,453.452596,80.5565,1.446454082,1508.319737
5178.221838,83.3437,445.4617612,78.4494,2.567064675,1483.295729
1075.856717,69.44,480.5799221,82.6574,3.820834583,1860.13024
9958.288506,73.22,359.9926185,72.1897,3.399310393,2485.158098
14261.27445,69.2563,407.2454434,68.6837,14.69448315,2698.012631
1795.66659,79.8,400.8291533,70.6495,2.24342581,1496.967919
2823.02157,70.455,402.6986989,70.7893,4.920942168,1692.507443
3373.075363,80.4387,401.2551571,71.0229,3.994999912,1469.909714
2653.485952,83.055,398.2026491,69.4214,3.216106104,1406.804635
4442.097744,71.6274,397.0270834,69.1976,3.400412706,2169.873885
3293.488421,96.5212,389.0994387,68.6517,5.115610505,1451.02591
3963.032858,103.7575,410.9785907,72.611,2.841540415,1611.145488
8151.819256,94.8413,407.280499,71.8974,2.72645902,1881.578547
4193.636572,106.7675,403.9491837,70.8664,3.854344874,1537.587678
5065.785993,112.735,400.9766405,70.7097,5.786918641,1638.993622
6491.737068,103.2238,403.0031308,70.8235,5.613635161,1651.778524
6493.059842,101.8937,405.3516732,71.116,7.19611457,1690.679026
5585.195506,97.4837,406.4788425,71.0406,4.640073017,1795.687223
4903.525635,99.5575,406.2439143,71.1374,6.118935078,1742.747225
4105.01067,104.16,403.8486399,70.2862,4.651537064,1628.909672
3740.365791,97.51,402.101538,70.3318,3.677533995,1799.644244
3953.33251,97.16,401.8042123,70.9117,3.969426269,1480.293851
6719.033845,109.3925,401.9705351,70.0614,5.99988536,2469.248883
10900.32452,93.9137,403.5180021,70.5549,9.213125452,3036.465145
11807.08654,124.4424,406.494772,71.0847,11.88755534,2443.774224
9253.249616,130.83,408.1143316,71.5835,11.299582,2173.735761
15541.72031,132.79,410.7189096,72.0623,14.57036279,2427.756587
17086.72111,125.7638,408.727158,71.7509,15.94737121,2362.412269
7740.877264,135.555,412.737369,71.3206,3.935475052,1924.545967
8529.691882,114.24,411.3938163,72.663,5.014638706,2779.606917
18905.31579,90.23,410.8236802,72.1307,18.86761671,3415.414246
21616.78336,83.7462,413.7113185,72.6694,20.44745057,3615.457325
21003.01593,64.8287,345.1539951,73.0264,22.84034992,3898.511547
27513.27184,69.4838,354.0769345,71.6886,18.0594014,3893.245353
21887.07032,79.415,357.8516625,63.0836,13.97798021,3674.072863
19461.10161,65.9488,359.7619435,63.0687,18.51245172,3751.411416
18456.01333,78.435,345.6068124,60.6802,18.59821161,3681.114369
17556.74703,76.1688,354.1802786,61.8924,19.58632427,3713.232987
16172.68382,68.425,354.976229,62.7022,13.49582885,3750.251231
4685.708743,86.8176,355.0414795,62.3487,13.98260992,3501.947987
18004.28579,63.1313,350.9836911,61.6219,14.26634509,3759.024533
9286.318983,73.7538,346.2817191,62.0586,8.256979841,3749.323378
21962.9094,78.6624,352.2586118,62.0696,17.45753893,3849.937917
23118.57352,77.595,355.2650219,62.1972,23.72462477,3852.995112
20537.17879,80.395,355.509064,62.461,19.71507434,3847.768009
10959.18799,78.9775,363.0613996,63.1492,23.55354592,3852.011204
5420.730524,81.9437,363.9347788,64.0618,24.04120884,3854.904661
13402.7937,83.125,365.3153948,64.1938,2.434125822,3848.75118
23289.65237,84.3413,349.2154819,63.98,4.131245701,3893.913585
20009.61216,62.8162,344.7595862,60.6044,21.54645585,3905.10314
15808.92079,71.4963,345.3131851,60.407,32.40004233,4025.215134
12741.62684,72.5725,348.362576,60.9787,16.95863243,4024.764484
24992.50428,64.4,356.344059,62.7584,27.345059,4023.796065
27811.77799,68.6262,357.1989726,62.7369,12.41401965,4023.960541
13292.12155,69.8338,340.1393227,63.0729,18.47916189,4013.234912
6180.885024,72.7038,354.6185929,62.1982,9.377369971,4031.72412
19228.29327,66.115,352.5046881,62.1988,14.56551262,4033.497219
28912.3265,72.03,351.9758685,61.9127,30.15948253,4030.358892
15792.16565,80.36,343.293854,60.2597,16.75933438,3947.727593
10648.77687,79.31,346.4089972,60.2862,19.05633256,3941.056344
11758.58481,65.6075,346.947512,60.9942,12.49272474,3947.550578
12057.9728,64.7938,355.4435758,62.1536,7.38571227,3949.801618
11678.7774,69.4225,358.8970706,63.0422,7.183327748,3950.620312
15361.38203,69.3174,357.9200038,62.9492,8.283876259,3945.559161
20393.21681,80.675,347.4518692,63.1357,3.917617595,3943.225514
7082.576412,68.25,341.2941244,78.9571,7.249686943,3936.881005
11154.07679,72.7475,405.4163161,75.6975,7.496825341,4018.338842
10662.00462,69.755,353.1072645,62.1927,14.35386867,4018.461278
17474.29408,66.4737,359.8069584,62.7825,20.45031658,3719.536931
26142.43637,68.775,358.6262678,62.9128,23.5824265,3632.388801
21794.91702,67.7513,356.5661749,62.7808,6.61563696,3772.027016
29569.7455,66.8937,357.0047269,62.5724,20.92717685,3787.131551
17034.25104,66.9287,355.8052537,62.628,17.61098079,3785.126119
16733.54027,67.3487,355.1980807,62.2784,15.97272439,3768.084746
5352.828092,68.0225,353.5731584,62.2037,5.657066262,3755.586756
7015.55583,66.9462,362.2090484,62.4692,8.870306355,3780.296562
205.0300711,67.3838,357.0095877,62.2894,18.66435034,3711.473164
6415.897988,68.53,345.958214,61.6805,17.16410342,3935.434645
18900.24515,65.0912,346.6613344,59.111,16.96238029,3660.497294
11994.0387,66.8325,343.280751,60.1573,12.37764334,3665.99582
17459.30263,68.5387,349.5706084,61.6384,12.38756415,3662.353001
12293.64715,65.7037,369.8032024,64.3202,8.400059966,3661.821218
6927.370853,66.5263,367.0417327,64.7823,8.577973156,3662.558043
15233.73428,65.2925,358.0797751,62.8773,14.72248188,3669.339189
8587.453041,56.455,355.8912417,62.2928,13.77757985,3658.627574
14759.96049,65.8263,355.5030937,62.3984,13.83004991,3891.948719
11501.08468,63.1138,358.7532817,62.7991,16.41254696,3898.375836
13100.76015,71.015,340.9925456,61.9422,12.57165029,3848.096224
14416.92093,70.4025,351.6802599,61.7322,7.189280234,3855.628209
11803.55915,67.6112,353.5181842,61.8714,11.75682111,3852.599041
15283.77926,64.1987,359.7770277,62.6344,17.00228399,3854.15456
4462.159826,88.6677,276.431749,48.5348,6.968156405,1602.530025
6677.807369,82.4367,270.5776171,47.5672,6.512460537,1637.201346
9521.772871,83.9868,269.8887356,47.4162,8.518448297,1689.964328
5837.845465,85.4204,269.5447308,47.3256,6.242614508,1650.879435
9298.223955,83.08,269.5447308,47.3256,11.66599058,1711.065244
8482.071994,83.762,275.570918,48.3532,10.27156564,1678.759284
25095.6807,190.1308,371.1732515,48.837,8.790939875,2663.533813
16294.37909,192.2388,372.3043834,48.2324,10.06477187,2518.423625
24201.04411,191.0762,372.739237,48.2022,8.059445493,2642.370943
26156.10505,190.5492,373.7755576,48.2928,11.51409196,2660.627081
21671.89898,190.1927,372.8799351,48.4138,9.766265719,2703.866661
27334.69726,188.108,372.5171212,48.5045,8.985828674,2845.059657
15836.69906,190.34,372.2636745,48.5348,9.980555213,2549.505969
26573.21999,186.837,371.2772032,48.5952,8.201423306,2841.430114
23651.21078,188.5497,372.9647607,48.6254,9.51361576,2751.867205
30408.38463,179.7147,368.3069848,48.5952,7.659085698,2832.166333
25116.84509,183.272,369.5366264,48.5348,9.601800737,2531.918062
23494.24152,183.2178,369.9248008,48.5348,8.106183531,2662.536629
23237.18231,186.6975,368.1648866,48.5348,9.159994003,2536.843502
19016.2084,178.2113,369.9125432,46.7208,7.179359424,2413.292993
20964.65546,176.6767,369.8812388,48.5348,6.912158945,2626.680046
22412.43232,175.057,371.0211941,47.8998,11.53746098,2619.761713
22922.36195,176.9325,370.6882845,47.8696,13.15433253,2579.865502
21611.05134,175.274,369.8333709,47.8696,9.354882802,2594.301068
22969.54091,172.7784,370.6162448,47.8696,13.28660999,2798.409589
22436.0218,176.8086,370.7364166,47.8394,9.487160267,2611.465614
26413.60518,173.6697,371.3805738,47.8092,12.55511561,2765.894162
27827.21036,173.6697,372.1377965,47.93,13.33643451,2758.840118
30288.67352,175.0802,370.8346622,47.779,2.573017161,2689.526241
24547.17014,173.0575,372.849476,48.3532,9.115240128,2766.167798
20034.96534,174.1426,372.1608323,47.6278,12.2704986,2541.442202
25065.69781,168.4772,372.5054183,47.5672,11.67613185,2883.851
25925.06041,171.3448,373.8826001,47.5068,12.59193284,2610.319443
24304.66146,170.035,374.399215,47.5068,11.3295649,2811.481403
23881.59403,172.2592,374.399215,47.5672,10.86923932,2528.261229
27302.95067,175.553,369.7656107,47.5672,12.28196264,2524.03131
29349.06259,174.6463,369.6659386,47.6278,7.575530433,2630.500618
28771.67146,181.97,370.1045171,47.7488,9.512072523,2646.831719
5612.532849,99.7347,279.1861125,49.1392,12.64638706,1700.241519
8659.764722,82.9483,279.7029915,49.0788,10.25635373,1716.89346
9936.462724,81.2897,270.9219125,47.5672,9.803523872,1760.428065
3009.091871,67.7892,271.2664985,47.6278,2.802077638,1627.257533
6419.425387,75.4075,245.0959772,43.0328,4.239051835,1665.531845
3085.592338,75.454,245.0959772,42.9724,6.30324168,1664.803134
8382.202508,73.842,244.7513911,42.9724,6.134587912,1712.434896
4770.586783,74.5628,244.7513911,42.9724,5.481137233,1690.532251
7099.331558,75.1052,244.5791245,43.0026,4.814458809,1672.54016
5004.056509,75.5237,244.7513911,42.9724,7.357272615,1667.334447
10999.31216,78.399,250.9499242,44.091,10.79141607,2538.735349
11004.60326,76.1127,250.7776312,44.0608,9.451445352,2537.765455
13143.75033,82.7312,250.6053381,44.0002,11.42568652,2517.674262
10891.28556,82.8242,251.1219002,44.0608,6.051253109,2494.788447
6145.170109,90.0396,251.2938762,44.1212,6.582347131,2421.232112
7322.219087,77.5,247.5516677,43.9215,6.625116845,1669.059605
32755.42779,176.607,371.0955321,43.993,8.342519268,2549.383534
12210.75328,70.1994,253.5775379,44.1074,8.188416021,1581.723397
14770.76315,80.3442,250.6460206,44.2504,13.28660999,1681.463187
14806.69853,80.1272,252.6004712,43.9287,13.80337396,1688.97747
21194.59779,90.5045,261.7967758,45.9348,21.74465158,1823.986745
15917.60878,77.686,261.6244828,45.9348,21.84650523,1826.118299
20376.2412,89.7296,261.6244828,45.9348,20.23668848,1848.448731
18253.40835,89.6443,262.4853667,46.1164,17.40264379,1860.364047
16925.3426,83.9092,263.5185436,46.2372,17.69034727,2045.731852
10216.45003,87.0944,264.5514299,46.0256,9.65713681,1801.2064
17038.21937,84.1184,263.6908366,46.2976,14.54765516,1885.387318
16448.26187,85.6142,263.6908366,46.2372,13.69975661,1830.505319
11732.12931,84.4053,263.3462506,46.1768,12.78660117,1819.245695
13995.39674,86.552,261.9690688,45.9954,12.49537029,1803.603477
14535.52973,9.6256,260.075008,45.8442,13.76832043,2481.125108
16750.73634,73.16,279.0141365,48.9882,17.37111766,1882.369213
16368.89539,83.6922,279.8752845,49.0184,12.78263285,1874.82174
17754.72231,86.0095,280.0473134,49.109,18.21901621,1802.597443
21235.16288,84.7694,279.7029915,49.1392,19.93862326,1838.527045
20446.1278,83.3047,279.7029915,49.1996,17.74965167,1885.638826
18433.3057,84.103,279.0141365,49.0486,19.62512566,1831.531268
18756.06272,80.3908,278.4975745,48.8672,18.78802977,1788.574911
17735.76254,86.9085,278.8421605,49.0184,18.23510997,1887.585253
17689.0245,87.854,278.8421605,49.0788,18.89782007,1854.250394
16062.4526,88.1252,279.3584055,49.0184,19.90577435,1820.158797
18571.75612,87.9935,279.3584055,48.9882,18.06976314,1829.443967
16790.86051,86.0947,279.1861125,48.958,12.83730754,1884.444713
16082.07376,88.195,278.6698675,48.9882,14.33821584,1817.904807
23126.73063,82.274,278.8421605,48.8974,15.46984956,1931.002586
18274.57274,68.4868,278.4978386,48.9579,14.41868463,2120.970565
16876.39994,77.4303,277.6369547,48.7765,15.18280746,1893.805114
14419.12556,68.5256,278.6698146,48.8974,20.50763682,2106.197196
14483.28013,82.9172,279.1861125,48.958,17.55211732,1853.98856
13905.00714,66.9988,279.0141365,49.0184,16.87000653,2290.572242
15509.5328,81.8323,277.6369547,48.8672,15.57258505,1888.873774
18892.74943,82.5298,277.1203927,48.6556,18.2836117,1849.631043
18490.40547,74.5937,277.8092478,48.837,17.43394945,1997.22534
14638.04476,78.5694,277.8089308,48.716,16.54945413,2140.021058
16307.60684,78.8097,276.0872158,50.1672,17.59598935,2026.298564
17065.55671,84.754,277.1203927,48.6556,16.04062682,1860.578677
19619.39364,85.3584,277.2926857,48.6254,15.72294044,1842.648542
13819.90864,90.5898,276.7758067,48.5348,14.05866947,1851.051587
19199.19223,92.2173,276.431749,48.5952,19.78650417,1808.468437
18363.19865,90.7137,276.7758067,48.5952,17.7289282,1852.683812
19050.15961,88.722,276.7758067,48.5348,19.91481331,1982.881969
19635.26694,90.1248,276.6037778,48.5952,19.39033316,1837.10945
19607.70913,87.9315,276.9480997,48.5952,20.73427221,1859.217138
14726.4502,97.3322,260.2473011,45.6932,14.98681635,2194.666299
13599.4462,99.3473,260.5913587,45.7234,13.86907176,2125.83405
13324.75,98.983,260.4193299,45.6932,13.83997072,2135.003423
14676.18477,97.9523,260.5913587,45.6932,15.41804088,2179.06686
8443.050142,107.1903,259.902715,45.5722,13.61840597,2115.773702
10413.98437,101.1452,259.902715,45.6024,12.24536588,1878.778023
14726.89113,98.8125,259.902715,45.6326,15.34065857,2157.799993
15474.92019,103.9896,259.902715,45.6326,16.82370941,2140.924571
15213.6722,95.418,260.2473011,45.6932,14.33424752,2202.75293
11617.04792,106.1672,260.4193299,45.6932,12.11330888,2079.925232
13554.91279,104.8187,259.3864436,45.5419,14.10827351,2118.383935
14892.67888,75.1827,259.214177,45.421,18.00494718,2556.846925
15254.23729,94.147,259.214177,45.5116,15.4308277,1992.563947
13120.16085,96.8594,259.902715,45.6326,12.38006843,2069.864885
15834.05351,100.5562,259.5587102,45.5722,15.8658001,2133.602792
12034.60378,101.9823,259.5587102,45.5722,15.66606113,2079.988663
17390.95928,100.1997,259.214177,45.5116,16.75735022,2133.602792
14104.96658,101.3313,259.214177,45.5116,10.32998818,2093.297234
9988.712323,100.9748,259.214177,45.5116,11.87146158,2102.911356
9047.337696,100.9826,259.214177,45.4814,15.6433535,2103.612778
13622.37429,100.037,259.214177,45.4814,12.57076844,2126.598902
13367.51971,93.5736,262.6576597,46.1164,12.4600963,1936.785073
12577.82324,94.2787,263.0022457,46.1768,13.4045574,1909.914947
15310.23475,98.8047,263.0022457,46.1768,14.83403587,1990.017145
12619.71111,100.9438,263.0022457,46.1466,16.83958271,1906.221235
11862.20216,99.7813,262.8299527,46.1164,11.96427627,1954.486564
14716.74985,100.4322,264.5514299,46.4186,13.11817669,1928.124618
10543.39583,101.029,264.7234323,46.4186,13.5489603,1913.416154
12151.00795,101.06,264.0348414,46.358,13.44842943,1909.150832
12883.82511,106.0665,265.2403113,46.5396,12.04849292,1927.297073
11775.78088,92.132,264.5514299,46.4488,10.41332299,1924.495812
9706.961322,92.0002,264.0348414,46.3883,12.31128415,1919.529807
12817.90684,101.0213,265.7566092,46.358,13.00331576,1937.038794
11518.72167,102.1915,265.4126044,46.6604,14.13230392,1901.446258
11912.90852,100.7113,264.3794275,46.479,9.366126387,1917.618783
13470.69613,99.6418,264.0348414,46.3883,12.78726256,1947.037187
13875.9061,94.767,263.3462506,46.2372,13.86113512,2105.394728
11190.01217,108.624,263.6908366,46.2976,13.44335879,1991.290177
14195.57664,108.5542,263.6908366,46.2674,11.32713981,1953.786618
10842.56336,99.3473,263.6908366,46.3883,10.58065398,1932.009358
11454.78756,89.8535,264.2071344,46.4185,9.8368137,2070.692429
14804.27344,102.207,263.862839,46.358,12.5416674,1926.21507
12025.78529,99.9284,264.0348414,46.2976,12.90873737,1926.2785
15197.35798,98.9985,263.3462506,46.2372,12.94886153,1948.883305
15348.15429,98.7118,263.3462506,46.1768,13.91206194,1945.126163
15452.65349,100.068,263.0022457,46.1768,14.50378314,1902.337971
13722.02332,100.347,263.1742481,46.1768,12.42768832,1894.3782
10893.71065,97.6966,263.0022457,46.1466,11.97397661,1978.173372
10897.45851,87.451,263.3465412,46.1768,10.32447662,2094.124779
4777.200656,98.7504,259.3864436,45.5419,4.338700859,1832.066738
14480.41412,97.1462,265.7566092,46.6604,13.53793718,1861.713048
12971.78963,103.2145,259.214177,44.6652,14.72931621,1866.641438
11478.37704,88.009,258.8698287,45.1792,10.98828904,2279.633458
18873.5692,93.5658,258.3532931,45.2698,14.83690189,2413.019358
11225.72709,106.051,258.1809473,45.3606,11.58530133,1924.037049
13436.74492,103.8113,273.8491238,48.172,10.10776204,2074.742383
14773.62916,101.9202,273.1602687,47.9602,16.08736486,1901.000033
14597.9206,101.6567,273.6768572,47.9906,13.94777686,2251.490299
12933.87009,109.12,272.1270918,47.93,10.91068626,2063.381714
14036.84368,107.4848,271.610794,47.7185,14.33468844,1974.429507
11270.48096,110.5925,271.7827964,47.7487,16.48485864,1917.173296
12024.90344,99.2542,269.5447308,47.1743,14.82102859,1961.019152
12044.74506,99.7502,271.7827964,47.7185,11.52070583,1934.479454
11180.75275,99.5952,271.438501,47.658,10.74291434,1943.049926
13398.60491,91.7987,271.610794,47.5975,11.39967195,2112.552031
12344.13305,95.418,271.2664985,47.5975,11.3189827,2135.068328
12018.73049,97.6965,271.0942055,47.6278,12.47971746,1948.97255
14665.60257,112.158,270.9219125,47.5975,15.8382423,1988.017614
14952.64467,107.1127,270.9219125,47.5672,13.52603221,1967.386526
15843.5334,108.717,270.5779077,47.537,14.35805746,1928.838578
14324.54717,104.7877,270.5779077,47.5068,13.92925801,1970.774886
13987.4601,105.2295,270.2333216,47.4464,14.16206635,1936.007682
12639.1118,106.1596,270.2333216,47.4464,14.73857564,1901.012572
15313.54169,105.3845,270.0610286,47.4464,15.92554542,1906.692538
12432.31803,105.5084,270.2333216,47.4162,14.83381541,1921.516061
13985.91686,106.7407,270.2333216,47.4162,13.09458721,1876.867
14637.8243,101.4707,270.2333216,47.386,13.6757262,2014.327931
14952.86513,106.0975,269.8887356,47.386,15.48263638,1888.316177
13411.83266,105.6014,269.8887356,47.386,13.28881462,1897.473011
13583.79336,105.834,269.8887356,47.3256,14.03948923,1895.511096
14826.54015,108.3837,270.4056147,47.1138,13.6117921,1869.277485
14471.59562,107.7172,269.7167332,47.1743,13.91470749,1874.359288
14826.54015,108.3837,270.4056147,47.27714,14.06748796,1869.277485
14471.59562,107.7172,269.7167332,47.255368,13.78445828,1874.359288
14826.54015,108.3837,270.4056147,47.2292416,13.88358701,1869.277485
14471.59562,107.7172,269.7167332,47.20996992,13.85240657,1874.359288
